PLATINUM_PRICE_price,CRUDE_OIL_PRICE_timestamp,VALOR_CONTRA_YEN_time_difference,CORN_PRICE_time_difference,VALOR_CONTRA_LIBRA_timestamp,CRUDE_OIL_PRICE_open,CORN_PRICE_open,CRUDE_OIL_PRICE_price,CRUDE_OIL_PRICE_change,high,CRUDE_OIL_PRICE_volume,ind,open,CORN_PRICE_high,COCACOLA_PRICE_open,CRUDE_OIL_PRICE_high,PLATINUM_PRICE_low,TIN_PRICE_open,TIN_PRICE_change,PLATINUM_PRICE_change,count_agg,low,PLATINUM_PRICE_volume,VALOR_CONTRA_YEN_nivel,COCACOLA_PRICE_price,change,VALOR_CONTRA_EURO_time_difference,TIN_PRICE_time_difference,CORN_PRICE_low,timestamp,price,VALOR_CONTRA_LIBRA_nivel,TIN_PRICE_low,CORN_PRICE_price,volume,VALOR_CONTRA_LIBRA_time_difference,PLATINUM_PRICE_high,VALOR_CONTRA_YEN_timestamp,TIN_PRICE_timestamp,TIN_PRICE_high,CORN_PRICE_volume,COCACOLA_PRICE_volume,CORN_PRICE_change,COCACOLA_PRICE_high,COCACOLA_PRICE_timestamp,VALOR_CONTRA_EURO_timestamp,CRUDE_OIL_PRICE_low,COCACOLA_PRICE_low,VALOR_CONTRA_EURO_nivel,PLATINUM_PRICE_open,COCACOLA_PRICE_change,CORN_PRICE_timestamp,TIN_PRICE_price,PLATINUM_PRICE_timestamp,TIN_PRICE_volume,PLATINUM_PRICE_time_difference,CRUDE_OIL_PRICE_time_difference,COCACOLA_PRICE_time_difference
642.1,1584550800,7,7,1584550800,26.94,344.0,20.37,-24.42%,20510.295,286.71K,78,20220.92,345.25,44.57,27.22,603.5,14210.0,-4.05%,-4.02%,0,19005.865,-,0.2227,44.85,-5.425,7,7,332.0,1584576000,19536.45,28.4969,13237.5,335.25,873.19,7,680.8,1584550800,1584550800,14585.0,229.88K,35.41M,-2.54%,45.1,1584550800,1584550800,20.06,41.59,26.2335,669.0,-4.94%,1584550800,13630.0,1584550800,-,7,7,7
642.1,1584550800,17,17,1584550800,26.94,344.0,20.37,-24.42%,20489.33,286.71K,77,20188.69,345.25,45.88,27.22,603.5,15270.0,-7.29%,-4.02%,1,18917.46,-,0.2227,47.18,-6.3,17,7,332.0,1584489600,19898.92,28.4969,14192.5,335.25,874.09,17,680.8,1584550800,1584464400,15422.5,229.88K,31.42M,-2.54%,47.5,1584464400,1584550800,20.06,45.37,26.2335,669.0,4.24%,1584550800,14205.0,1584550800,-,17,17,7
666.15,1584378000,41,7,1584550800,33.75,362.5,28.7,-9.55%,21379.35,663.53K,76,20487.05,367.75,45.88,33.75,562.0,15270.0,-7.29%,-12.11%,1,19882.26,-,0.2227,47.18,5.2,41,17,354.0,1584403200,21237.38,28.4969,14192.5,354.75,795.84,41,769.85,1584550800,1584464400,15422.5,170.52K,31.42M,-2.17%,47.5,1584464400,1584550800,28.1,45.37,26.2335,757.85,4.24%,1584378000,14205.0,1584378000,-,7,7,17
666.15,1584291600,65,17,1584550800,32.42,362.5,30.82,-2.87%,21767.34,-,75,20917.53,367.75,45.88,32.48,562.0,15270.0,-7.29%,-12.11%,1,20117.1,-,0.2227,47.18,-12.94,65,41,354.0,1584316800,20186.48,28.4969,14192.5,354.75,739.67,65,769.85,1584550800,1584464400,15422.5,170.52K,31.42M,-2.17%,47.5,1584464400,1584550800,30.15,45.37,26.2335,757.85,4.24%,1584378000,14205.0,1584378000,-,17,7,41
666.15,1584291600,55,41,1584032400,32.42,362.5,30.82,-2.87%,22034.9925,-,74,21234.325,367.75,48.24,32.48,562.0,16737.5,-4.31%,-12.11%,0,20378.1725,-,0.21350000000000002,47.16,-12.2025,55,55,354.0,1584230400,20440.0725,28.2037,15927.5,354.75,772.595,55,769.85,1584032400,1584032400,16737.5,170.52K,31.91M,-2.17%,49.9,1584032400,1584032400,30.15,46.75,24.8953,757.85,-9.67%,1584378000,16050.0,1584378000,-,41,17,55
762.65,1584032400,31,31,1584032400,33.07,377.5,31.5,-4.49%,22302.645,963.50K,73,21551.12,377.5,48.24,33.63,750.45,16737.5,-4.31%,-11.65%,0,20639.245,-,0.21350000000000002,47.16,-11.465,31,31,367.0,1584144000,20693.665,28.2037,15927.5,369.75,805.52,31,868.5,1584032400,1584032400,16737.5,0.34K,31.91M,-2.50%,49.9,1584032400,1584032400,30.02,46.75,24.8953,863.25,-9.67%,1584032400,16050.0,1584032400,-,31,31,31
762.65,1584032400,7,7,1584032400,33.07,377.5,31.5,-4.49%,22570.2975,963.50K,72,21867.915,377.5,48.24,33.63,750.45,16737.5,-4.31%,-11.65%,0,20900.3175,-,0.21350000000000002,47.16,-10.7275,7,7,367.0,1584057600,20947.2575,28.2037,15927.5,369.75,838.445,7,868.5,1584032400,1584032400,16737.5,0.34K,31.91M,-2.50%,49.9,1584032400,1584032400,30.02,46.75,24.8953,863.25,-9.67%,1584032400,16050.0,1584032400,-,7,7,7
863.2,1584032400,7,17,1583946000,33.07,377.5,31.5,-4.49%,22837.95,963.50K,71,22184.71,377.5,48.24,33.63,861.9,16737.5,-4.31%,-1.18%,1,21161.39,-,0.2025,47.16,-9.99,7,17,367.0,1583971200,21200.85,27.4072,15927.5,369.75,871.37,7,886.6,1583946000,1584032400,16737.5,0.34K,31.91M,-2.50%,49.9,1584032400,1583946000,30.02,46.75,24.0354,873.5,-9.67%,1584032400,16050.0,1583946000,-,7,17,17
863.2,1583859600,17,7,1583946000,30.37,379.0,34.36,10.38%,23929.47,1.06M,70,23318.855,381.5,53.11,35.02,861.9,16790.0,0.46%,-1.18%,0,22425.865,-,0.2025,53.66,-2.55,17,7,377.5,1583884800,23109.505,27.4072,16785.0,380.0,763.115,17,886.6,1583946000,1583859600,17045.0,0.61K,27.46M,1.54%,53.77,1583859600,1583946000,30.2,51.21,24.0354,873.5,3.47%,1583859600,16845.0,1583946000,-,17,7,7
872.2,1583773200,7,7,1583773200,32.52,371.38,32.42,-0.31%,25020.99,-,69,24453.0,375.38,51.91,34.87,860.9,16622.5,-0.21%,-3.06%,1,23690.34,-,0.2064,51.86,4.89,7,7,366.88,1583798400,25018.16,27.6584,16442.5,374.62,654.86,7,900.7,1583773200,1583773200,16787.5,-,27.90M,1.14%,53.57,1583773200,1583773200,27.34,51.48,24.1233,899.7,-6.15%,1583773200,16767.5,1583773200,-,7,7,7
899.7,1583773200,17,17,1583773200,32.52,371.38,32.42,-0.31%,24679.85,-,68,24582.34,375.38,51.91,34.87,896.0,16622.5,-0.21%,-0.51%,1,23706.78,-,0.2064,51.86,-7.8100000000000005,17,17,366.88,1583712000,23844.73,27.6584,16442.5,374.62,710.74,17,915.85,1583773200,1583773200,16787.5,-,27.90M,1.14%,53.57,1583773200,1583773200,27.34,51.48,24.1233,904.1,-6.15%,1583773200,16767.5,1583686800,-,7,17,17
899.7,1583514000,41,41,1583773200,46.09,371.38,41.28,-10.07%,25177.8675,-,67,25104.735,375.38,51.91,46.38,896.0,17045.0,-1.51%,-0.51%,0,24265.9175,-,0.2064,51.86,-6.7525,41,31,366.88,1583625600,24413.8675,27.6584,16747.5,374.62,652.3975,41,915.85,1583773200,1583514000,17047.5,-,27.90M,1.14%,53.57,1583773200,1583773200,41.05,51.48,24.1233,904.1,-6.15%,1583773200,16802.5,1583686800,-,17,31,41
872.95,1583514000,31,31,1583427600,46.09,387.5,41.28,-10.07%,25675.885,-,66,25627.13,387.5,57.77,46.38,856.65,17045.0,-1.51%,-0.31%,0,24825.055,-,0.18530000000000002,56.74,-5.695,31,7,382.0,1583539200,24983.005,25.5978,16747.5,384.5,594.055,31,875.9,1583427600,1583514000,17047.5,1.83K,17.95M,-0.65%,58.16,1583427600,1583427600,41.05,56.19,22.151,875.7,-3.70%,1583427600,16802.5,1583427600,-,31,7,31
872.95,1583514000,7,7,1583427600,46.09,387.5,41.28,-10.07%,26173.9025,-,65,26149.525,387.5,57.77,46.38,856.65,17045.0,-1.51%,-0.31%,0,25384.1925,-,0.18530000000000002,56.74,-4.6375,7,17,382.0,1583452800,25552.1425,25.5978,16747.5,384.5,535.7125,7,875.9,1583427600,1583514000,17047.5,1.83K,17.95M,-0.65%,58.16,1583427600,1583427600,41.05,56.19,22.151,875.7,-3.70%,1583427600,16802.5,1583427600,-,7,17,7
875.7,1583341200,7,7,1583341200,46.94,382.0,46.78,-0.85%,26671.92,745.86K,64,26671.92,388.5,56.55,48.41,866.7,16652.5,1.25%,-0.29%,1,25943.33,-,0.1817,58.92,-3.58,7,7,380.0,1583366400,26121.28,24.996,16652.5,387.0,477.37,7,889.35,1583341200,1583341200,17140.0,3.28K,20.53M,1.38%,58.98,1583341200,1583341200,46.65,56.5,21.7769,877.95,5.10%,1583341200,16952.5,1583341200,-,7,7,7
878.25,1583254800,7,7,1583254800,47.72,375.75,47.18,0.92%,27097.4,1.01M,63,26383.68,383.75,56.77,48.66,859.5,16590.0,0.66%,1.09%,1,26286.79,-,0.1786,56.06,4.54,7,7,375.75,1583280000,27090.42,24.6552,16590.0,381.75,423.85,7,882.85,1583254800,1583254800,16972.5,3.19K,27.10M,1.87%,57.46,1583254800,1583254800,46.47,55.65,21.4338,868.7,0.25%,1583254800,16742.5,1583254800,-,7,7,7
868.8,1583168400,7,7,1583168400,43.7,366.5,46.75,4.45%,27084.59,918.58K,62,26762.47,375.75,53.9,47.56,851.25,16260.0,2.46%,1.86%,1,25706.28,-,0.1831,55.92,-2.9699999999999998,7,7,366.0,1583193600,25914.15,25.1826,16247.5,374.75,611.92,7,885.2,1583168400,1583168400,16715.0,5.93K,25.70M,2.25%,55.94,1583168400,1583168400,43.32,53.73,21.9028,852.85,4.54%,1583168400,16632.5,1583168400,-,7,7,7
852.95,1583082000,17,17,1583168400,43.83,366.5,44.61,-0.34%,26706.17,-,61,25590.81,375.75,53.9,44.7,851.2,16260.0,2.46%,-1.55%,1,25395.93,-,0.1831,55.92,5.1,17,17,366.0,1583107200,26706.17,25.1826,16247.5,374.75,596.93,17,866.3,1583168400,1583168400,16715.0,5.93K,25.70M,2.25%,55.94,1583168400,1583168400,43.48,53.73,21.9028,866.3,4.54%,1583168400,16632.5,1583082000,-,7,7,17
852.95,1583082000,31,31,1582909200,43.83,364.5,44.61,-0.34%,26302.1933333333,-,60,25484.15,367.25,53.83,44.7,851.2,16317.5,-0.78%,-1.55%,0,25157.6233333333,-,0.1819,53.49,2.9366666667,31,31,362.75,1583020800,26273.9,25.4754,16045.0,366.5,705.5133333333,31,866.3,1582909200,1582909200,16452.5,-,40.89M,0.55%,53.89,1582909200,1582909200,43.48,51.61,21.7368,866.3,-2.62%,1582909200,16232.5,1583082000,-,17,17,31
866.35,1582909200,7,7,1582909200,46.49,364.5,44.76,-4.95%,25898.2166666667,-,59,25377.49,367.25,53.83,47.03,847.85,16317.5,-0.78%,-4.13%,0,24919.3166666667,-,0.1819,53.49,0.7733333333,7,7,362.75,1582934400,25841.63,25.4754,16045.0,366.5,814.0966666667,7,903.9,1582909200,1582909200,16452.5,-,40.89M,0.55%,53.89,1582909200,1582909200,43.85,51.61,21.7368,903.45,-2.62%,1582909200,16232.5,1582909200,-,7,7,7
903.65,1582822800,7,7,1582822800,48.63,369.75,47.09,-3.37%,25494.24,-,58,25270.83,370.0,57.45,48.78,898.6,16655.0,-1.82%,-0.85%,1,24681.01,-,0.1764,54.93,-1.3900000000000001,7,7,361.75,1582848000,25409.36,24.9614,16210.0,364.5,922.68,7,924.8,1582822800,1582822800,16682.5,151.51K,23.75M,-1.62%,57.88,1582822800,1582822800,45.88,54.9,21.2294,911.45,-4.64%,1582822800,16360.0,1582822800,-,7,7,7
911.4,1582736400,7,7,1582736400,50.08,372.0,48.73,-2.34%,26775.31,863.93K,57,26526.0,374.0,57.92,50.44,908.9,16685.0,-0.27%,-2.60%,1,25752.82,-,0.1734,57.6,-4.42,7,7,368.25,1582761600,25766.64,24.7758,16555.0,370.5,670.37,7,937.7,1582736400,1582736400,16762.5,250.65K,15.84M,-0.54%,58.46,1582736400,1582736400,48.3,57.48,20.855,935.65,-0.38%,1582736400,16662.5,1582736400,-,7,7,7
935.7,1582650000,7,7,1582650000,51.37,373.0,49.9,-2.97%,27542.78,764.99K,56,27159.46,374.75,58.68,52.02,922.75,16517.5,1.12%,-3.15%,1,26890.97,-,0.17270000000000002,57.82,-0.46,7,7,371.25,1582675200,26957.59,24.7483,16517.5,372.5,477.57,7,972.1,1582650000,1582650000,16762.5,119.87K,15.92M,0.07%,59.19,1582650000,1582650000,49.69,57.62,20.6854,965.9,-1.42%,1582650000,16707.5,1582650000,-,7,7,7
966.15,1582563600,7,7,1582563600,52.6,376.25,51.43,-3.65%,28149.2,765.52K,55,28037.65,376.25,59.11,52.64,961.4,16597.5,-0.50%,-1.16%,1,26997.62,-,0.17170000000000002,58.65,-3.15,7,7,370.0,1582588800,27081.36,24.6721,16477.5,372.25,513.27,7,979.9,1582563600,1582563600,16760.0,170.53K,14.42M,-1.26%,59.79,1582563600,1582563600,50.45,58.57,20.6866,976.9,-2.46%,1582563600,16522.5,1582563600,-,7,7,7
977.45,1582477200,17,17,1582563600,52.59,376.25,52.07,-2.45%,28402.93,-,54,28402.93,376.25,59.11,52.62,975.65,16597.5,-0.50%,0.07%,1,27912.44,-,0.17170000000000002,58.65,-3.56,17,17,370.0,1582502400,27960.8,24.6721,16477.5,372.25,458.71,17,981.7,1582563600,1582563600,16760.0,170.53K,14.42M,-1.26%,59.79,1582563600,1582563600,51.66,58.57,20.6866,976.75,-2.46%,1582563600,16522.5,1582477200,-,7,7,17
977.45,1582477200,31,31,1582304400,52.59,378.25,52.07,-2.45%,28650.7966666667,-,53,28650.7966666667,380.5,59.55,52.62,975.65,16585.0,0.26%,0.07%,0,28239.1933333333,-,0.1691,60.13,-2.6333333333,31,31,376.25,1582416000,28304.67,24.4858,16412.5,377.0,410.2866666667,31,981.7,1582304400,1582304400,16632.5,-,10.84M,-0.40%,60.13,1582304400,1582304400,51.66,59.45,20.4373,976.75,0.69%,1582304400,16605.0,1582477200,-,17,17,31
976.75,1582304400,7,7,1582304400,53.74,378.25,53.38,-0.74%,28898.6633333333,-,52,28898.6633333333,380.5,59.55,53.86,972.9,16585.0,0.26%,-0.94%,0,28565.9466666667,-,0.1691,60.13,-1.7066666667,7,7,376.25,1582329600,28648.54,24.4858,16412.5,377.0,361.8633333333,7,990.8,1582304400,1582304400,16632.5,-,10.84M,-0.40%,60.13,1582304400,1582304400,52.55,59.45,20.4373,985.65,0.69%,1582304400,16605.0,1582304400,-,7,7,7
986.05,1582218000,7,7,1582218000,53.5,380.75,53.78,0.92%,29146.53,30.67K,51,29146.53,381.25,59.71,54.5,974.55,16565.0,0.00%,-2.45%,1,28892.7,-,0.168,59.72,-0.78,7,7,378.0,1582243200,28992.41,24.1983,16450.0,378.5,313.44,7,1010.65,1582218000,1582218000,16655.0,173.14K,7.60M,-0.53%,59.86,1582218000,1582218000,53.22,59.13,20.2966,1010.25,-0.08%,1582218000,16562.5,1582218000,-,7,7,7
1010.85,1582131600,7,7,1582131600,52.12,382.25,53.29,2.38%,29368.45,113.68K,50,29296.25,382.75,59.52,53.66,995.2,16505.0,0.68%,1.51%,1,28959.65,-,0.1683,59.77,-0.44,7,7,378.5,1582156800,29219.98,24.1441,16495.0,380.5,289.07,7,1020.9,1582131600,1582131600,16632.5,172.27K,6.27M,-0.65%,59.99,1582131600,1582131600,51.93,59.47,20.0634,995.75,0.40%,1582131600,16562.5,1582131600,-,7,7,7
995.8,1582045200,7,7,1582045200,52.23,378.5,52.05,-0.29%,29409.09,221.77K,49,29312.7,383.25,59.81,52.41,972.0,16642.5,-1.10%,2.33%,1,29274.38,-,0.1695,59.53,0.59,7,7,378.0,1582070400,29348.03,24.2491,16450.0,383.0,242.65,7,996.3,1582045200,1582045200,16777.5,215.11K,10.08M,1.39%,59.93,1582045200,1582045200,50.88,59.45,20.1293,973.05,-0.70%,1582045200,16450.0,1582045200,-,7,7,7
973.1,1581958800,7,17,1581958800,52.34,378.5,52.2,-0.31%,29330.16,-,48,29282.78,383.25,59.81,52.59,967.5,16547.5,0.48%,0.39%,1,29116.81,-,0.1689,59.53,-0.56,7,7,378.0,1581984000,29232.19,24.156,16535.0,383.0,264.16,7,975.35,1581958800,1581958800,16667.5,215.11K,10.08M,1.39%,59.93,1582045200,1581958800,52.05,59.45,20.1139,969.1,-0.70%,1582045200,16632.5,1581958800,-,7,7,17
969.35,1581872400,17,41,1581958800,52.45,378.5,52.36,0.60%,29363.38,-,47,29322.2025,383.25,59.81,52.63,966.8,16547.5,0.48%,0.20%,0,29158.4025,-,0.1689,59.53,-0.4425,17,17,378.0,1581897600,29273.6625,24.156,16535.0,383.0,256.2575,17,969.5,1581958800,1581958800,16667.5,215.11K,10.08M,1.39%,59.93,1582045200,1581958800,52.34,59.45,20.1139,967.3,-0.70%,1582045200,16632.5,1581872400,-,7,7,41
969.35,1581872400,31,31,1581699600,52.45,379.5,52.36,0.60%,29396.6,-,46,29361.625,381.5,59.65,52.63,966.8,16600.0,-0.12%,0.20%,0,29199.995,-,0.1691,59.95,-0.325,31,31,376.25,1581811200,29315.135,24.2001,16520.0,377.75,248.355,31,969.5,1581699600,1581699600,16605.0,-,9.97M,-0.46%,60.06,1581699600,1581699600,52.34,59.65,20.1265,967.3,0.57%,1581699600,16552.5,1581872400,-,17,17,31
967.4,1581699600,7,7,1581699600,51.51,379.5,52.05,1.23%,29429.82,-,45,29401.0475,381.5,59.65,52.34,965.75,16600.0,-0.12%,-0.47%,0,29241.5875,-,0.1691,59.95,-0.20750000000000002,7,7,376.25,1581724800,29356.6075,24.2001,16520.0,377.75,240.4525,7,979.1,1581699600,1581699600,16605.0,-,9.97M,-0.46%,60.06,1581699600,1581699600,51.32,59.65,20.1265,971.9,0.57%,1581699600,16552.5,1581699600,-,7,7,7
972.0,1581613200,7,7,1581613200,51.72,382.25,51.42,0.49%,29463.04,745.40K,44,29440.47,382.75,59.43,51.96,963.45,16537.5,0.06%,0.84%,1,29283.18,-,0.1699,59.61,-0.09,7,7,379.0,1581638400,29398.08,24.2088,16500.0,379.5,232.55,7,977.55,1581613200,1581613200,16662.5,202.46K,8.17M,-0.91%,59.83,1581613200,1581613200,50.6,59.21,20.2465,963.75,0.34%,1581613200,16572.5,1581613200,-,7,7,7
963.95,1581526800,7,7,1581526800,49.96,379.75,51.17,2.46%,29535.4,795.26K,43,29436.03,383.75,59.45,51.73,957.25,16475.0,0.42%,-0.80%,1,29345.93,-,0.1694,59.41,-0.43,7,7,378.25,1581552000,29423.31,24.1874,16410.0,383.0,294.36,7,975.05,1581526800,1581526800,16572.5,241.46K,9.18M,0.86%,59.76,1581526800,1581526800,49.95,59.32,20.3299,971.8,-0.30%,1581526800,16562.5,1581526800,-,7,7,7
971.75,1581440400,7,7,1581440400,49.61,381.0,49.94,0.75%,29568.57,725.73K,42,29406.75,382.0,59.69,50.69,962.85,16295.0,0.20%,0.65%,1,29406.75,-,0.17,59.59,0.9400000000000001,7,7,378.0,1581465600,29551.42,24.138,16295.0,379.75,309.53,7,977.0,1581440400,1581440400,16595.0,200.41K,7.43M,-0.52%,59.8,1581440400,1581440400,49.58,59.32,20.3808,965.35,-0.27%,1581440400,16492.5,1581440400,-,7,7,7
965.45,1581354000,7,7,1581354000,50.12,383.25,49.57,-1.49%,29415.39,715.89K,41,29390.71,383.5,59.39,50.49,956.4,16220.0,1.26%,-0.47%,1,29210.47,-,0.1709,59.75,0.0,7,7,379.0,1581379200,29276.34,24.2485,16220.0,381.75,281.85,7,978.0,1581354000,1581354000,16495.0,219.02K,7.98M,-0.46%,59.84,1581354000,1581354000,49.42,59.29,20.5471,970.05,0.95%,1581354000,16460.0,1581354000,-,7,7,7
970.0,1581267600,17,17,1581354000,50.11,383.25,49.75,-1.13%,29278.07,-,40,28995.66,383.5,59.39,50.16,969.15,16220.0,1.26%,-0.02%,1,28995.66,-,0.1709,59.75,0.6000000000000001,17,17,379.0,1581292800,29276.82,24.2485,16220.0,381.75,257.46,17,972.6,1581354000,1581354000,16495.0,219.02K,7.98M,-0.46%,59.84,1581354000,1581354000,49.56,59.29,20.5471,970.15,0.95%,1581354000,16460.0,1581267600,-,7,7,17
970.0,1581267600,31,31,1581094800,50.11,380.25,49.75,-1.13%,29281.02,-,39,29092.7466666667,385.0,58.88,50.16,969.15,16700.0,-2.49%,-0.02%,0,29016.1,-,0.171,59.19,0.0866666667,31,31,380.0,1581206400,29218.7166666667,24.2787,16165.0,383.5,256.2633333333,31,972.6,1581094800,1581094800,16702.5,-,8.76M,1.12%,59.31,1581094800,1581094800,49.56,58.88,20.5647,970.15,0.34%,1581094800,16255.0,1581267600,-,17,17,31
970.15,1581094800,7,7,1581094800,51.11,380.25,50.32,-1.24%,29283.97,-,38,29189.8333333333,385.0,58.88,51.48,961.15,16700.0,-2.49%,0.13%,0,29036.54,-,0.171,59.19,-0.42666666670000003,7,7,380.0,1581120000,29160.6133333333,24.2787,16165.0,383.5,255.0666666667,7,978.7,1581094800,1581094800,16702.5,-,8.76M,1.12%,59.31,1581094800,1581094800,50.09,58.88,20.5647,968.8,0.34%,1581094800,16255.0,1581094800,-,7,7,7
968.9,1581008400,7,7,1581008400,51.17,380.25,50.95,0.39%,29286.92,750.66K,37,29286.92,381.75,58.95,52.2,963.3,16550.0,0.86%,-1.55%,1,29056.98,-,0.1698,58.99,-0.9400000000000001,7,7,376.0,1581033600,29102.51,24.1948,16477.5,379.25,253.87,7,991.65,1581008400,1581008400,16685.0,191.89K,9.35M,-0.39%,59.33,1581008400,1581008400,50.24,58.86,20.531,984.2,0.24%,1581008400,16670.0,1581008400,-,7,7,7
984.2,1580922000,7,7,1580922000,49.51,381.5,50.75,2.30%,29408.05,887.95K,36,29388.58,383.25,58.9,51.88,963.5,16275.0,1.32%,1.82%,1,29246.93,-,0.17,58.85,0.30000000000000004,7,7,379.5,1580947200,29379.77,24.3255,16275.0,380.75,263.7,7,989.3,1580922000,1580922000,16560.0,122.10K,11.41M,-0.39%,59.07,1580922000,1580922000,49.47,58.54,20.5289,966.85,0.02%,1580922000,16527.5,1580922000,-,7,7,7
966.65,1580835600,7,7,1580835600,49.91,378.5,49.59,-1.04%,29308.89,-,35,29048.73,383.38,58.76,51.55,960.95,16245.0,0.91%,-0.48%,1,29000.85,-,0.1713,58.84,1.6800000000000002,7,7,378.38,1580860800,29290.85,24.3088,16137.5,382.0,357.54,7,985.2,1580835600,1580835600,16435.0,-,15.42M,0.86%,59.44,1580835600,1580835600,49.31,58.63,20.6476,971.1,0.44%,1580835600,16312.5,1580835600,-,7,7,7
971.3,1580749200,17,7,1580835600,51.05,380.62,49.91,-2.23%,28904.23,-,34,28696.74,381.88,58.8,51.97,954.3,16337.5,-1.75%,0.32%,1,28696.74,-,0.1713,58.58,1.44,17,7,376.62,1580774400,28808.64,24.3088,16122.5,378.5,312.33,17,976.1,1580835600,1580749200,16437.5,-,12.34M,-0.72%,58.97,1580749200,1580835600,49.66,58.53,20.6476,967.45,0.31%,1580749200,16165.0,1580749200,-,7,7,7
968.25,1580662800,41,17,1580835600,51.02,380.62,51.05,-0.99%,28630.25,-,33,28326.23,381.88,58.8,51.27,961.3,16337.5,-1.75%,0.58%,1,28326.23,-,0.1713,58.58,0.52,41,17,376.62,1580688000,28398.39,24.3088,16122.5,378.5,284.68,41,969.5,1580835600,1580749200,16437.5,-,12.34M,-0.72%,58.97,1580749200,1580835600,50.61,58.53,20.6476,962.65,0.31%,1580749200,16165.0,1580662800,-,7,7,17
968.25,1580662800,31,31,1580490000,51.02,379.75,51.05,-0.99%,28691.18,-,32,28488.5,382.62,58.9,51.27,961.3,16082.5,2.59%,0.58%,0,28276.6933333333,-,0.1736,58.4,-0.3533333333,31,31,378.88,1580601600,28349.4166666667,24.8198,16047.5,381.88,308.8533333333,31,969.5,1580490000,1580490000,16475.0,-,17.69M,0.63%,59.06,1580490000,1580490000,50.61,58.16,20.868,962.65,-0.78%,1580490000,16452.5,1580662800,-,17,17,31
962.65,1580490000,7,7,1580490000,52.87,379.75,51.62,-1.00%,28752.11,-,31,28650.77,382.62,58.9,53.36,959.55,16082.5,2.59%,-1.96%,0,28227.1566666667,-,0.1736,58.4,-1.2266666667,7,7,378.88,1580515200,28300.4433333333,24.8198,16047.5,381.88,333.0266666667,7,986.9,1580490000,1580490000,16475.0,-,17.69M,0.63%,59.06,1580490000,1580490000,50.98,58.16,20.868,981.3,-0.78%,1580490000,16452.5,1580490000,-,7,7,7
981.85,1580403600,7,7,1580403600,53.12,384.5,52.88,-0.84%,28813.04,-,30,28813.04,384.88,57.97,53.2,965.55,16172.5,-0.56%,-0.07%,1,28177.62,-,0.17250000000000001,58.86,-2.1,7,7,378.62,1580428800,28251.47,24.559,15700.0,379.75,357.2,7,985.0,1580403600,1580403600,16232.5,-,20.23M,-1.17%,58.98,1580403600,1580403600,51.67,57.76,20.7061,982.5,3.28%,1580403600,16037.5,1580403600,-,7,7,7
982.5,1580317200,7,7,1580317200,53.77,385.25,53.13,-0.65%,28879.16,-,29,28640.16,388.12,57.01,54.37,974.25,16322.5,-1.01%,-0.83%,1,28491.32,-,0.1715,56.99,0.43,7,7,382.88,1580342400,28858.66,24.3468,16007.5,384.5,308.85,7,1000.25,1580317200,1580317200,16400.0,-,9.28M,-0.52%,57.25,1580317200,1580317200,52.83,56.67,20.5802,990.8,-0.04%,1580317200,16127.5,1580317200,-,7,7,7
990.7,1580230800,7,7,1580230800,52.97,380.5,53.77,1.19%,28942.96,-,28,28820.53,386.88,57.45,54.06,983.65,16275.0,0.70%,-0.06%,1,28728.54,-,0.17270000000000002,57.01,0.05,7,7,378.62,1580256000,28735.7,24.4692,16235.0,385.25,282.15,7,996.8,1580230800,1580230800,16405.0,-,15.24M,1.25%,57.75,1580230800,1580230800,52.69,56.97,20.7031,991.1,-0.82%,1580230800,16292.5,1580230800,-,7,7,7
991.3,1580144400,7,7,1580144400,52.64,384.12,52.95,0.65%,28823.14,-,27,28594.28,384.62,57.21,53.56,987.4,16625.0,-3.98%,-1.27%,1,28577.3,-,0.1739,57.48,0.66,7,7,377.38,1580169600,28722.03,24.7801,16175.0,380.5,301.9,7,1005.8,1580144400,1580144400,16705.0,-,14.36M,-1.74%,57.84,1580144400,1580144400,52.16,57.18,20.8812,1003.8,-0.35%,1580144400,16180.0,1580144400,-,7,7,7
1004.05,1580058000,17,17,1580144400,53.7,384.12,52.61,-2.92%,28671.32,-,26,28542.49,384.62,57.21,53.7,1003.1,16625.0,-3.98%,-0.61%,1,28441.65,-,0.1739,57.48,-1.57,17,17,377.38,1580083200,28533.15,24.7801,16175.0,380.5,314.31,17,1015.05,1580144400,1580144400,16705.0,-,14.36M,-1.74%,57.84,1580144400,1580144400,52.19,57.18,20.8812,1010.55,-0.35%,1580144400,16180.0,1580058000,-,7,7,17
1004.05,1580058000,31,31,1579885200,53.7,393.25,52.61,-2.92%,28877.1433333333,-,25,28771.79,393.25,57.85,53.7,1003.1,17110.0,-1.26%,-0.61%,0,28575.5366666667,-,0.1718,57.68,-1.24,31,31,386.5,1579996800,28685.3433333333,24.6473,16845.0,387.25,336.21,31,1015.05,1579885200,1579885200,17115.0,-,8.59M,-1.65%,57.85,1579885200,1579885200,52.19,57.47,20.7794,1010.55,-0.26%,1579885200,16850.0,1580058000,-,17,17,31
1010.25,1579885200,7,7,1579885200,55.69,393.25,54.19,-2.52%,29082.9666666667,-,24,29001.09,393.25,57.85,55.95,1004.25,17110.0,-1.26%,0.12%,0,28709.4233333333,-,0.1718,57.68,-0.91,7,7,386.5,1579910400,28837.5366666667,24.6473,16845.0,387.25,358.11,7,1021.9,1579885200,1579885200,17115.0,-,8.59M,-1.65%,57.85,1579885200,1579885200,53.85,57.47,20.7794,1009.0,-0.26%,1579885200,16850.0,1579885200,-,7,7,7
1009.05,1579798800,7,7,1579798800,56.11,388.5,55.59,-2.03%,29288.79,704.00K,23,29230.39,394.0,57.4,56.27,1001.15,17450.0,-2.15%,-1.33%,1,28843.31,-,0.1715,57.83,-0.58,7,7,387.5,1579824000,28989.73,24.6755,17010.0,393.75,380.01,7,1025.35,1579798800,1579798800,17450.0,256.30K,12.86M,1.29%,57.83,1579798800,1579798800,54.77,57.24,20.8531,1022.65,0.38%,1579798800,17065.0,1579798800,-,7,7,7
1022.6,1579712400,7,7,1579712400,58.26,387.5,56.74,-2.74%,29190.47,620.12K,22,29111.02,391.0,57.22,58.38,995.85,17607.5,-0.82%,2.18%,1,28966.98,-,0.1699,57.61,-0.09,7,7,386.75,1579737600,29160.09,24.4807,17412.5,388.75,307.06,7,1023.7,1579712400,1579712400,17680.0,155.60K,12.87M,0.32%,57.63,1579712400,1579712400,56.03,57.18,20.7048,1000.9,0.77%,1579712400,17440.0,1579712400,-,7,7,7
1000.8,1579626000,7,7,1579626000,59.17,389.0,58.34,-0.66%,29320.2,50.18K,21,29263.63,389.25,56.84,59.73,993.85,17777.5,-1.51%,-2.48%,1,29172.26,-,0.1699,57.17,-0.03,7,7,384.25,1579651200,29186.27,24.4231,17567.5,387.5,283.44,7,1030.45,1579626000,1579626000,17842.5,182.96K,11.97M,-0.45%,57.24,1579626000,1579626000,57.68,56.58,20.7699,1026.6,0.40%,1579626000,17585.0,1579626000,-,7,7,7
1026.3,1579539600,7,17,1579539600,59.28,389.0,58.73,-0.91%,29341.21,-,20,29269.05,389.25,56.84,59.32,1013.6,17645.0,0.49%,-0.41%,1,29146.47,-,0.1695,57.17,-0.52,7,7,384.25,1579564800,29196.04,24.2696,17645.0,387.5,320.64,7,1034.75,1579539600,1579539600,17855.0,182.96K,11.97M,-0.45%,57.24,1579626000,1579539600,58.56,56.58,20.6938,1031.4,0.40%,1579626000,17855.0,1579539600,-,7,7,17
1030.5,1579453200,17,41,1579539600,59.36,389.0,59.27,1.25%,29349.3125,-,19,29280.115,389.25,56.84,59.66,1024.7,17645.0,0.49%,0.34%,0,29182.33,-,0.1695,57.17,-0.34750000000000003,17,17,384.25,1579478400,29234.055,24.2696,17645.0,387.5,324.6975,17,1031.5,1579539600,1579539600,17855.0,182.96K,11.97M,-0.45%,57.24,1579626000,1579539600,59.2,56.58,20.6938,1028.05,0.40%,1579626000,17855.0,1579453200,-,7,7,41
1030.5,1579453200,31,31,1579280400,59.36,377.0,59.27,1.25%,29357.415,-,18,29291.18,389.5,56.89,59.66,1024.7,17610.0,0.65%,0.34%,0,29218.19,-,0.1701,56.94,-0.17500000000000002,31,31,376.75,1579392000,29272.07,24.4316,17587.5,389.25,328.755,31,1031.5,1579280400,1579280400,17847.5,-,14.26M,3.66%,57.15,1579280400,1579280400,59.2,56.81,20.8235,1028.05,0.21%,1579280400,17767.5,1579453200,-,17,17,31
1027.05,1579280400,7,7,1579280400,58.59,377.0,58.54,0.03%,29365.5175,-,17,29302.245,389.5,56.89,58.98,1008.6,17610.0,0.65%,1.16%,0,29254.05,-,0.1701,56.94,-0.0025,7,7,376.75,1579305600,29310.085,24.4316,17587.5,389.25,332.8125,7,1033.4,1579280400,1579280400,17847.5,-,14.26M,3.66%,57.15,1579280400,1579280400,58.27,56.81,20.8235,1015.65,0.21%,1579280400,17767.5,1579280400,-,7,7,7
1015.3,1579194000,7,7,1579194000,58.1,387.25,58.52,1.23%,29373.62,182.87K,16,29313.31,387.75,56.85,58.87,999.6,17487.5,0.89%,-1.57%,1,29289.91,-,0.1709,56.82,0.17,7,7,375.25,1579219200,29348.1,24.5455,17485.0,375.5,336.87,7,1046.55,1579194000,1579194000,17752.5,230.56K,10.23M,-3.10%,56.95,1579194000,1579194000,57.56,56.61,20.972,1032.25,0.21%,1579194000,17652.5,1579194000,-,7,7,7
1031.5,1579107600,7,7,1579107600,58.2,388.75,57.81,-0.72%,29300.32,433.17K,15,29131.95,390.25,56.0,58.36,988.9,17415.0,0.42%,4.27%,1,29131.95,-,0.17120000000000002,56.7,0.92,7,7,386.5,1579132800,29297.64,24.4726,17387.5,387.5,252.11,7,1031.5,1579107600,1579107600,17535.0,141.48K,17.74M,-0.39%,56.98,1579107600,1579107600,57.36,56.0,20.9696,989.9,1.25%,1579107600,17497.5,1579107600,-,7,7,7
989.25,1579021200,7,7,1579021200,58.03,389.25,58.23,0.26%,29127.59,507.71K,14,28901.8,390.5,56.09,58.72,970.25,17420.0,0.19%,0.88%,2,28897.35,-,0.1711,56.0,0.31,7,7,388.25,1579046400,29030.22,24.4518,17270.0,389.0,263.43,7,990.55,1579021200,1579021200,17442.5,115.96K,16.35M,-0.13%,56.29,1579021200,1579021200,57.72,55.84,20.9378,981.2,-0.23%,1579021200,17425.0,1579021200,-,7,7,7
980.6,1578934800,7,7,1578934800,59.04,386.5,58.08,-1.63%,29054.16,584.00K,13,28895.5,389.5,55.51,59.27,969.15,17252.5,0.84%,-0.12%,1,28872.27,-,0.1713,56.13,0.11,7,7,385.5,1578960000,28939.67,24.4058,17232.5,389.5,296.04,7,984.6,1578934800,1578934800,17465.0,139.99K,14.30M,0.97%,56.22,1578934800,1578934800,57.91,55.44,20.9342,983.1,1.08%,1578934800,17392.5,1578934800,-,7,7,7
981.75,1578848400,17,17,1578934800,59.08,386.5,58.91,-0.22%,28909.91,-,12,28869.01,389.5,55.51,59.1,980.6,17252.5,0.84%,-0.26%,1,28819.43,-,0.1713,56.13,0.29,17,17,385.5,1578873600,28907.05,24.4058,17232.5,389.5,263.02,17,984.85,1578934800,1578934800,17465.0,139.99K,14.30M,0.97%,56.22,1578934800,1578934800,58.71,55.44,20.9342,984.25,1.08%,1578934800,17392.5,1578848400,-,7,7,17
981.75,1578848400,31,31,1578675600,59.08,383.25,58.91,-0.22%,28942.9633333333,-,11,28905.18,386.75,55.46,59.1,980.6,17207.5,0.13%,-0.26%,0,28809.32,-,0.17120000000000002,55.53,0.04,31,31,376.5,1578787200,28879.29,24.5431,17187.5,385.75,255.07,31,984.85,1578675600,1578675600,17300.0,-,13.04M,0.65%,55.93,1578675600,1578675600,58.71,55.46,20.8242,984.25,0.34%,1578675600,17247.5,1578848400,-,17,17,31
984.3,1578675600,7,7,1578675600,59.61,383.25,59.04,-0.87%,28976.0166666667,-,10,28941.35,386.75,55.46,59.78,967.35,17207.5,0.13%,1.10%,0,28799.21,-,0.17120000000000002,55.53,-0.21,7,7,376.5,1578700800,28851.53,24.5431,17187.5,385.75,247.12,7,988.5,1578675600,1578675600,17300.0,-,13.04M,0.65%,55.93,1578675600,1578675600,58.85,55.46,20.8242,974.05,0.34%,1578675600,17247.5,1578675600,-,7,7,7
973.6,1578589200,7,7,1578589200,59.99,383.75,59.56,-0.08%,29009.07,750.93K,9,28977.52,387.0,54.95,60.31,952.85,17112.5,0.70%,1.31%,1,28789.1,-,0.17220000000000002,55.34,-0.46,7,7,382.25,1578614400,28823.77,24.53,17112.5,383.25,239.17,7,976.4,1578589200,1578589200,17352.5,130.94K,15.41M,-0.26%,55.4,1578589200,1578589200,58.66,54.84,20.9277,960.9,1.82%,1578589200,17225.0,1578589200,-,7,7,7
961.0,1578502800,7,7,1578502800,62.84,384.0,59.61,-4.93%,28988.01,1.21M,8,28851.97,385.5,54.25,65.65,957.4,16957.5,0.94%,-1.71%,1,28844.31,-,0.1729,54.35,0.74,7,7,382.25,1578528000,28956.9,24.6404,16887.5,384.25,282.85,7,982.05,1578502800,1578502800,17135.0,135.52K,10.68M,-0.07%,54.64,1578502800,1578502800,59.15,54.16,20.9175,977.75,0.18%,1578502800,17105.0,1578502800,-,7,7,7
977.75,1578416400,7,7,1578416400,62.91,385.0,62.7,-0.90%,28866.18,582.65K,7,28556.14,385.75,54.49,63.15,961.65,16867.5,0.34%,0.87%,1,28522.51,-,0.17420000000000002,54.25,0.56,7,7,383.5,1578441600,28745.09,24.8293,16867.5,384.5,296.43,7,981.6,1578416400,1578416400,17112.5,93.54K,10.23M,-0.06%,54.59,1578416400,1578416400,62.11,54.15,21.1174,969.35,-0.77%,1578416400,16945.0,1578416400,-,7,7,7
969.35,1578330000,7,7,1578330000,63.71,386.25,63.27,0.35%,28685.5,724.24K,6,28639.18,387.75,54.73,64.72,960.7,16807.5,0.52%,-2.02%,1,28565.28,-,0.17420000000000002,54.67,-0.42,7,7,382.75,1578355200,28583.68,24.7669,16735.0,384.75,266.68,7,998.9,1578330000,1578330000,16887.5,112.13K,14.70M,-0.45%,54.9,1578330000,1578330000,62.64,54.52,21.0928,989.95,-0.04%,1578330000,16887.5,1578330000,-,7,7,7
989.3,1578243600,17,17,1578330000,63.77,386.25,63.86,1.28%,28708.02,-,5,28465.5,387.75,54.73,64.27,988.55,16807.5,0.52%,0.08%,1,28418.63,-,0.17420000000000002,54.67,0.24,17,17,382.75,1578268800,28703.38,24.7669,16735.0,384.75,261.81,17,997.35,1578330000,1578330000,16887.5,112.13K,14.70M,-0.45%,54.9,1578330000,1578330000,63.61,54.52,21.0928,988.55,-0.04%,1578330000,16887.5,1578243600,-,7,7,17
989.3,1578243600,31,31,1578070800,63.77,391.5,63.86,1.28%,28710.7833333333,-,4,28494.7766666667,392.0,54.13,64.27,988.55,17155.0,-2.17%,0.08%,0,28445.8733333333,-,0.17470000000000002,54.69,-0.11,31,31,385.5,1578182400,28680.5466666667,24.635,16665.0,386.5,254.4033333333,31,997.35,1578070800,1578070800,17172.5,-,11.35M,-1.28%,54.98,1578070800,1578070800,63.61,54.11,21.0002,988.55,-0.55%,1578070800,16800.0,1578243600,-,17,17,31
988.55,1578070800,7,7,1578070800,61.18,391.5,63.05,3.06%,28713.5466666667,-,3,28524.0533333333,392.0,54.13,64.09,985.0,17155.0,-2.17%,0.17%,0,28473.1166666667,-,0.17470000000000002,54.69,-0.46,7,7,385.5,1578096000,28657.7133333333,24.635,16665.0,386.5,246.9966666667,7,1001.15,1578070800,1578070800,17172.5,-,11.35M,-1.28%,54.98,1578070800,1578070800,61.13,54.11,21.0002,987.4,-0.55%,1578070800,16800.0,1578070800,-,7,7,7
986.9,1577984400,7,7,1577984400,61.6,387.75,61.18,-0.24%,28716.31,486.87K,2,28553.33,392.0,55.3,61.6,972.0,17110.0,0.15%,1.17%,1,28500.36,-,0.1736,54.99,-0.81,7,7,387.25,1578009600,28634.88,24.921,16987.5,391.5,239.59,7,998.25,1577984400,1577984400,17195.0,103.99K,11.10M,1.10%,55.42,1577984400,1577984400,60.64,54.76,21.1201,976.15,-0.65%,1577984400,17172.5,1577984400,-,7,7,7
975.5,1577898000,17,7,1577984400,61.52,387.25,61.33,0.44%,28871.24,-,1,28638.97,387.25,55.3,61.54,972.65,17110.0,0.15%,0.37%,1,28628.44,-,0.1736,54.99,1.16,17,17,387.25,1577923200,28869.95,24.921,16987.5,387.25,236.37,17,976.6,1577984400,1577984400,17195.0,-,11.10M,-0.13%,55.42,1577984400,1577984400,61.33,54.76,21.1201,973.55,-0.65%,1577898000,17172.5,1577898000,-,7,7,17
971.9,1577811600,7,7,1577811600,61.68,388.25,61.06,-1.01%,28871.24,494.54K,0,28638.97,389.75,55.24,61.88,965.2,16987.5,1.00%,0.74%,0,28628.44,-,0.1736,55.35,1.16,7,7,386.25,1577836800,28869.95,24.9903,16880.0,387.75,236.37,7,990.5,1577811600,1577811600,17167.5,85.10K,7.98M,-0.13%,55.38,1577811600,1577811600,60.63,54.98,21.1751,965.65,0.14%,1577811600,17147.5,1577811600,-,7,7,7
